filename, language, OCaml, Makefile, comment, blank, total
/Users/Juliane/Documents/CS 3110/cs3110-uno/uno/Makefile, Makefile, 0, 32, 3, 11, 46
/Users/Juliane/Documents/CS 3110/cs3110-uno/uno/action.ml, OCaml, 39, 0, 9, 6, 54
/Users/Juliane/Documents/CS 3110/cs3110-uno/uno/action.mli, OCaml, 16, 0, 0, 5, 21
/Users/Juliane/Documents/CS 3110/cs3110-uno/uno/authors.ml, OCaml, 1, 0, 0, 0, 1
/Users/Juliane/Documents/CS 3110/cs3110-uno/uno/authors.mli, OCaml, 1, 0, 6, 1, 8
/Users/Juliane/Documents/CS 3110/cs3110-uno/uno/gamestate.ml, OCaml, 350, 0, 14, 43, 407
/Users/Juliane/Documents/CS 3110/cs3110-uno/uno/gamestate.mli, OCaml, 33, 0, 0, 4, 37
/Users/Juliane/Documents/CS 3110/cs3110-uno/uno/play.ml, OCaml, 174, 0, 9, 19, 202
/Users/Juliane/Documents/CS 3110/cs3110-uno/uno/play.mli, OCaml, 0, 0, 0, 1, 1
/Users/Juliane/Documents/CS 3110/cs3110-uno/uno/test.ml, OCaml, 90, 0, 34, 19, 143
/Users/Juliane/Documents/CS 3110/cs3110-uno/uno/uno.ml, OCaml, 170, 0, 28, 19, 217
/Users/Juliane/Documents/CS 3110/cs3110-uno/uno/uno.mli, OCaml, 16, 0, 1, 14, 31
Total, -, 890, 32, 104, 142, 1168